Périmètre;Nature;Date;Heure;Date - Heure;Consommation (MW);Prévision J-1 (MW);Prévision J (MW);Fioul (MW);Charbon (MW);Gaz (MW);Nucléaire (MW);Eolien (MW);Solaire (MW);Hydraulique (MW);Pompage (MW);Bioénergies (MW);Ech. physiques (MW);Taux de CO2 (g/kWh);Ech. comm. Angleterre (MW);Ech. comm. Espagne (MW);Ech. comm. Italie (MW);Ech. comm. Suisse (MW);Ech. comm. Allemagne-Belgique (MW);Fioul - TAC (MW);Fioul - Cogénération (MW);Fioul - Autres (MW);Gaz - TAC (MW);Gaz - Cogénération (MW);Gaz - CCG (MW);Gaz - Autres (MW);Hydraulique - Fil de l'eau + éclusée (MW);Hydraulique - Lacs (MW);Hydraulique - STEP turbinage (MW);Bioénergies - Déchets (MW);Bioénergies - Biomasse (MW);Bioénergies - Biogaz (MW);Stockage batterie (MW);Déstockage batterie (MW);Eolien terrestre (MW);Eolien offshore (MW)
France;Données temps réel;2022-12-07;03:00;2022-12-07T03:00:00+01:00;58383;59300;58600;173;1508;6882;36323;2669;0;3042;-3356;817;10325;103;2073;2590;1150;-2252;6043;0;22;151;0;2586;4298;0;2578;319;145;115;443;259;ND;ND;ND;ND
France;Données temps réel;2022-12-07;03:45;2022-12-07T03:45:00+01:00;57059;57950;57100;173;1450;7310;36154;2689;0;2571;-3408;819;9301;107;;;;;;0;22;151;0;2582;4729;0;2484;87;0;115;442;259;ND;ND;ND;ND
France;Données temps réel;2022-12-07;05:00;2022-12-07T05:00:00+01:00;57524;58400;57800;172;1431;7187;36412;2727;0;2807;-3452;810;9430;104;2423;2636;1118;-2081;6927;0;22;151;0;2583;4605;0;2630;177;0;113;445;259;ND;ND;ND;ND
France;Données temps réel;2022-12-07;05:15;2022-12-07T05:15:00+01:00;58760;59250;58550;173;1419;7061;36460;2644;0;2850;-3429;813;10769;103;;;;;;0;22;151;0;2580;4483;0;2603;247;0;112;440;259;ND;ND;ND;ND
France;Données temps réel;2022-12-07;05:30;2022-12-07T05:30:00+01:00;59082;60100;59300;172;1433;7145;36466;2584;0;2863;-2797;815;10401;103;2423;2636;1118;-2081;6928;0;22;151;0;2580;4566;0;2607;254;2;109;442;259;ND;ND;ND;ND
France;Données temps réel;2022-12-07;06:30;2022-12-07T06:30:00+01:00;64481;65500;64700;171;1479;7749;36576;2555;0;4311;-994;809;11825;101;2520;2250;1155;253;5886;0;22;151;0;2628;5122;0;3224;811;276;106;446;259;ND;ND;ND;ND
France;Données temps réel;2022-12-07;08:30;2022-12-07T08:30:00+01:00;72611;73200;72600;173;1523;8386;36761;2393;313;8686;-55;811;13620;96;2139;2250;983;1189;7454;0;22;151;494;2715;5177;0;4524;2839;1323;106;446;259;ND;ND;ND;ND
France;Données temps réel;2022-12-07;09:30;2022-12-07T09:30:00+01:00;72972;73800;73000;380;1522;8342;36760;2224;1296;8035;0;806;13607;97;2019;2250;995;1200;7284;207;22;151;469;2696;5177;0;4428;2443;1164;107;441;259;ND;ND;ND;ND
France;Données temps réel;2022-12-07;12:30;2022-12-07T12:30:00+01:00;70410;72400;70400;171;1489;8212;36736;1836;5285;5569;-912;811;11213;93;2358;2526;991;-895;6677;0;22;151;441;2724;5047;0;3931;1253;385;110;441;259;ND;ND;ND;ND
France;Données temps réel;2022-12-07;14:30;2022-12-07T14:30:00+01:00;67695;70400;67700;172;1440;8153;36727;1698;4448;4528;-913;804;10638;96;2398;2526;913;-775;5723;0;22;151;447;2712;4994;0;3659;687;182;108;439;259;ND;ND;ND;ND
France;Données temps réel;2022-12-07;14:45;2022-12-07T14:45:00+01:00;67223;70150;67500;171;1491;8309;36669;1712;3909;4651;-499;812;9998;97;;;;;;0;22;151;471;2717;5121;0;3528;869;254;109;441;259;ND;ND;ND;ND
France;Données temps réel;2022-12-07;18:30;2022-12-07T18:30:00+01:00;72948;74100;72400;362;1776;7965;36720;2124;0;11315;0;802;11884;95;2838;2350;985;1200;5189;189;22;151;0;2751;5216;0;4932;3728;2655;108;435;259;ND;ND;ND;ND
France;Données temps réel;2022-12-07;20:45;2022-12-07T20:45:00+01:00;68682;69350;68000;171;1742;7837;36725;1928;0;6217;-56;803;13315;101;;;;;;0;22;151;0;2733;5105;0;4160;1645;412;105;444;259;ND;ND;ND;ND
France;Données temps réel;2022-12-07;21:15;2022-12-07T21:15:00+01:00;66627;67500;66250;173;1654;7547;36674;1822;0;5058;-874;809;13764;102;;;;;;0;22;151;0;2678;4870;0;3943;1018;97;103;440;259;ND;ND;ND;ND
France;Données temps réel;2022-12-07;22:15;2022-12-07T22:15:00+01:00;64670;65450;64350;172;1691;7620;36780;1753;0;4094;-1915;813;13662;107;;;;;;0;22;151;0;2683;4939;0;3377;716;1;106;438;259;ND;ND;ND;ND
France;Données temps réel;2022-12-08;06:30;2022-12-08T06:30:00+01:00;65874;65900;66200;173;1735;8017;37391;1509;0;3924;-1659;794;13990;109;2528;2000;1128;384;8163;0;22;151;0;2700;5318;0;3004;918;2;109;421;259;ND;ND;ND;ND
France;Données temps réel;2022-12-08;07:30;2022-12-08T07:30:00+01:00;71260;71800;71400;170;1744;9043;37116;1470;0;7376;-51;812;13580;106;2528;2000;1086;1083;7126;0;22;150;329;2779;5935;0;3829;2394;1153;114;435;259;ND;ND;ND;ND
France;Données temps réel;2022-12-08;07:45;2022-12-08T07:45:00+01:00;72123;72600;72300;171;1743;8963;37035;1510;0;8383;-58;806;13570;104;;;;;;0;22;150;327;2783;5853;0;3955;3336;1092;108;441;259;ND;ND;ND;ND
France;Données temps réel;2022-12-08;09:15;2022-12-08T09:15:00+01:00;73206;73900;73350;170;1752;9155;37181;1566;720;8640;0;804;13218;103;;;;;;0;22;150;341;2827;5987;0;4397;3360;883;103;441;259;ND;ND;ND;ND
France;Données temps réel;2022-12-08;10:30;2022-12-08T10:30:00+01:00;73022;73700;73000;171;1751;9156;37208;1616;1955;7185;0;806;13174;103;975;2400;1102;1013;7988;0;22;150;341;2823;5992;0;4287;2415;483;105;447;259;ND;ND;ND;ND
France;Données temps réel;2022-12-08;11:15;2022-12-08T11:15:00+01:00;73319;73600;73450;170;1762;9181;37280;1712;2448;6930;0;817;13019;103;;;;;;0;22;150;333;2812;6036;0;4118;2310;502;105;448;259;ND;ND;ND;ND
France;Données temps réel;2022-12-08;11:45;2022-12-08T11:45:00+01:00;73627;73800;73650;170;1758;9151;37278;1741;2707;7058;0;805;12959;102;;;;;;0;22;150;351;2816;5984;0;4164;2300;594;106;443;259;ND;ND;ND;ND
France;Données temps réel;2022-12-08;12:00;2022-12-08T12:00:00+01:00;73845;74000;73800;170;1763;9145;37252;1757;2839;7104;-1;801;13015;102;790;2372;1158;910;6579;0;22;150;350;2816;5979;0;4161;2272;671;103;441;259;ND;ND;ND;ND
France;Données temps réel;2022-12-08;15:45;2022-12-08T15:45:00+01:00;69562;68650;69300;173;1828;8883;37341;2194;790;7129;0;808;10416;104;;;;;;0;22;151;205;2688;5990;0;3672;2576;881;110;439;259;ND;ND;ND;ND
France;Données temps réel;2022-12-08;17:00;2022-12-08T17:00:00+01:00;70115;69100;69900;370;1803;8844;37399;2351;212;8036;0;797;10303;105;-1167;2300;1105;1195;6716;197;22;151;208;2699;5937;0;3992;3243;801;98;440;259;ND;ND;ND;ND
France;Données temps réel;2022-12-08;19:45;2022-12-08T19:45:00+01:00;73365;73550;74200;426;1807;8738;37463;2607;0;10347;-51;812;11216;101;;;;;;253;22;151;0;2801;5939;0;4950;3635;1762;101;450;259;ND;ND;ND;ND
France;Données temps réel;2022-12-08;20:00;2022-12-08T20:00:00+01:00;72317;72500;73100;426;1786;8693;37447;2592;0;9612;-53;808;11006;101;-1270;2000;1136;1200;7801;253;22;151;0;2783;5911;0;4913;3257;1442;102;450;259;ND;ND;ND;ND
France;Données temps réel;2022-12-08;20:30;2022-12-08T20:30:00+01:00;70552;70400;71000;170;1809;8564;37477;2461;0;8570;-57;798;10760;100;-1270;2000;1136;1200;7709;0;22;150;0;2691;5874;0;4109;3186;1275;103;447;259;ND;ND;ND;ND
France;Données temps réel;2022-12-08;23:15;2022-12-08T23:15:00+01:00;;66500;66950;;;;;;;;;;;;;;;;;;;;;;;;;;;;;;;;;
France;Données temps réel;2022-12-09;01:15;2022-12-09T01:15:00+01:00;;61950;;;;;;;;;;;;;;;;;;;;;;;;;;;;;;;;;;
France;Données temps réel;2022-12-09;02:15;2022-12-09T02:15:00+01:00;;62150;;;;;;;;;;;;;;;;;;;;;;;;;;;;;;;;;;
France;Données temps réel;2022-12-09;04:00;2022-12-09T04:00:00+01:00;;58700;;;;;;;;;;;;;;;;;;;;;;;;;;;;;;;;;;
France;Données temps réel;2022-12-09;04:45;2022-12-09T04:45:00+01:00;;59050;;;;;;;;;;;;;;;;;;;;;;;;;;;;;;;;;;
France;Données temps réel;2022-12-09;05:00;2022-12-09T05:00:00+01:00;;59400;;;;;;;;;;;;;;;;;;;;;;;;;;;;;;;;;;
France;Données temps réel;2022-12-09;05:15;2022-12-09T05:15:00+01:00;;60300;;;;;;;;;;;;;;;;;;;;;;;;;;;;;;;;;;
France;Données temps réel;2022-12-09;06:00;2022-12-09T06:00:00+01:00;;63100;;;;;;;;;;;;;;;;;;;;;;;;;;;;;;;;;;
France;Données temps réel;2022-12-09;06:45;2022-12-09T06:45:00+01:00;;68050;;;;;;;;;;;;;;;;;;;;;;;;;;;;;;;;;;
France;Données temps réel;2022-12-09;09:00;2022-12-09T09:00:00+01:00;;74100;;;;;;;;;;;;;;;;;;;;;;;;;;;;;;;;;;
France;Données temps réel;2022-12-09;10:00;2022-12-09T10:00:00+01:00;;74200;;;;;;;;;;;;;;;;;;;;;;;;;;;;;;;;;;
France;Données temps réel;2022-12-09;10:30;2022-12-09T10:30:00+01:00;;74100;;;;;;;;;;;;;;;;;;;;;;;;;;;;;;;;;;
France;Données temps réel;2022-12-09;11:15;2022-12-09T11:15:00+01:00;;73600;;;;;;;;;;;;;;;;;;;;;;;;;;;;;;;;;;
France;Données temps réel;2022-12-09;12:30;2022-12-09T12:30:00+01:00;;72500;;;;;;;;;;;;;;;;;;;;;;;;;;;;;;;;;;
France;Données temps réel;2022-12-09;14:00;2022-12-09T14:00:00+01:00;;70200;;;;;;;;;;;;;;;;;;;;;;;;;;;;;;;;;;
France;Données temps réel;2022-12-09;14:30;2022-12-09T14:30:00+01:00;;70000;;;;;;;;;;;;;;;;;;;;;;;;;;;;;;;;;;
France;Données temps réel;2022-12-09;14:45;2022-12-09T14:45:00+01:00;;69800;;;;;;;;;;;;;;;;;;;;;;;;;;;;;;;;;;
France;Données temps réel;2022-12-09;17:00;2022-12-09T17:00:00+01:00;;68700;;;;;;;;;;;;;;;;;;;;;;;;;;;;;;;;;;
France;Données temps réel;2022-12-09;17:15;2022-12-09T17:15:00+01:00;;69650;;;;;;;;;;;;;;;;;;;;;;;;;;;;;;;;;;
France;Données temps réel;2022-12-09;18:30;2022-12-09T18:30:00+01:00;;73100;;;;;;;;;;;;;;;;;;;;;;;;;;;;;;;;;;
France;Données temps réel;2022-12-09;20:45;2022-12-09T20:45:00+01:00;;68600;;;;;;;;;;;;;;;;;;;;;;;;;;;;;;;;;;
France;Données temps réel;2022-12-09;21:15;2022-12-09T21:15:00+01:00;;66950;;;;;;;;;;;;;;;;;;;;;;;;;;;;;;;;;;
France;Données temps réel;2022-12-09;23:15;2022-12-09T23:15:00+01:00;;67150;;;;;;;;;;;;;;;;;;;;;;;;;;;;;;;;;;
France;Données temps réel;2022-12-09;23:45;2022-12-09T23:45:00+01:00;;66050;;;;;;;;;;;;;;;;;;;;;;;;;;;;;;;;;;
France;Données temps réel;2022-12-07;00:15;2022-12-07T00:15:00+01:00;62926;63350;62600;174;1459;7530;36641;2454;0;4285;-1825;821;11387;101;;;;;;1;22;151;0;2590;4941;0;3333;950;2;111;442;259;ND;ND;ND;ND
France;Données temps réel;2022-12-07;00:30;2022-12-07T00:30:00+01:00;61616;62500;61800;172;1439;7351;36590;2501;0;3975;-2701;806;11483;101;2322;2590;1109;-894;6691;0;22;151;0;2593;4760;0;3208;764;3;114;443;259;ND;ND;ND;ND
France;Données temps réel;2022-12-07;00:45;2022-12-07T00:45:00+01:00;60368;61700;60850;172;1403;7155;36530;2516;0;3535;-3109;801;11365;101;;;;;;0;22;151;0;2590;4566;0;2990;545;0;111;440;259;ND;ND;ND;ND
France;Données temps réel;2022-12-07;03:15;2022-12-07T03:15:00+01:00;58074;58800;58050;173;1517;7326;36383;2678;0;2920;-3298;812;9563;106;;;;;;0;22;151;0;2582;4745;0;2493;427;0;112;440;259;ND;ND;ND;ND
France;Données temps réel;2022-12-07;03:30;2022-12-07T03:30:00+01:00;57272;58300;57500;172;1511;7261;35751;2672;0;2998;-3375;812;9470;107;2073;2590;1150;-2252;6043;0;22;151;0;2582;4681;0;2497;497;4;114;441;259;ND;ND;ND;ND
France;Données temps réel;2022-12-07;04:15;2022-12-07T04:15:00+01:00;57017;57500;56900;172;1472;7480;36523;2637;0;2746;-3522;805;8704;107;;;;;;0;22;151;0;2583;4898;0;2607;139;0;112;439;259;ND;ND;ND;ND
France;Données temps réel;2022-12-07;04:30;2022-12-07T04:30:00+01:00;56944;57400;57100;171;1448;7303;36510;2698;0;2788;-3508;812;8722;105;2272;2636;-101;-2728;6712;0;22;151;0;2587;4718;0;2628;160;0;114;440;259;ND;ND;ND;ND
France;Données temps réel;2022-12-07;05:45;2022-12-07T05:45:00+01:00;59808;61050;60250;174;1450;7367;36565;2490;0;3217;-2691;813;10423;103;;;;;;1;22;151;0;2618;4751;0;2758;458;1;109;441;259;ND;ND;ND;ND
France;Données temps réel;2022-12-07;06:15;2022-12-07T06:15:00+01:00;63452;63750;62950;171;1484;7712;36634;2634;0;4002;-2578;823;12570;104;;;;;;0;22;151;0;2628;5086;0;3210;574;218;111;453;259;ND;ND;ND;ND
France;Données temps réel;2022-12-07;07:00;2022-12-07T07:00:00+01:00;67275;68600;67500;171;1450;7805;36420;2461;0;5665;-138;801;12640;97;2236;2250;984;437;7583;0;22;151;51;2654;5100;0;3482;1843;340;106;443;259;ND;ND;ND;ND
France;Données temps réel;2022-12-07;07:45;2022-12-07T07:45:00+01:00;70727;72200;71200;172;1514;8382;36697;2390;0;7537;-57;815;13277;98;;;;;;0;22;151;491;2714;5177;0;4016;2119;1402;105;449;259;ND;ND;ND;ND
France;Données temps réel;2022-12-07;09:15;2022-12-07T09:15:00+01:00;72971;73700;72950;382;1522;8363;36768;2290;922;8356;-1;809;13560;97;;;;;;210;22;150;475;2705;5183;0;4390;2707;1259;105;446;259;ND;ND;ND;ND
France;Données temps réel;2022-12-07;10:15;2022-12-07T10:15:00+01:00;72621;73600;72600;380;1440;8320;36745;2105;2590;7221;-81;809;13092;96;;;;;;208;22;150;473;2675;5172;0;4336;1836;1049;107;444;259;ND;ND;ND;ND
France;Données temps réel;2022-12-07;10:45;2022-12-07T10:45:00+01:00;72194;73600;72450;374;1419;8305;36768;2054;3406;6249;-81;809;12891;95;;;;;;202;22;150;433;2697;5175;0;4239;1475;535;112;438;259;ND;ND;ND;ND
France;Données temps réel;2022-12-07;12:00;2022-12-07T12:00:00+01:00;72278;74000;72700;172;1442;8353;36743;1887;5106;6193;-81;808;11655;91;2358;2526;991;-895;6748;0;22;151;448;2732;5173;0;4206;1587;400;109;440;259;ND;ND;ND;ND
France;Données temps réel;2022-12-07;14:00;2022-12-07T14:00:00+01:00;67911;70300;67900;172;1439;8071;36751;1750;5078;4795;-912;806;9961;93;2398;2526;913;-775;5801;0;22;151;449;2715;4907;0;3754;833;208;108;439;259;ND;ND;ND;ND
France;Données temps réel;2022-12-07;15:00;2022-12-07T15:00:00+01:00;67466;69900;67300;171;1473;8248;36626;1762;3503;4625;-496;798;10756;97;2398;2497;455;-461;4948;0;22;151;459;2713;5076;0;3489;894;242;108;441;259;ND;ND;ND;ND
France;Données temps réel;2022-12-07;16:15;2022-12-07T16:15:00+01:00;66044;68450;66200;174;1518;8177;36586;1776;1001;6122;0;801;9889;99;;;;;;1;22;151;448;2719;5010;0;3862;1812;448;107;435;259;ND;ND;ND;ND
France;Données temps réel;2022-12-07;17:15;2022-12-07T17:15:00+01:00;68564;70300;68250;171;1786;8362;36685;1884;215;8923;-1;804;9735;100;;;;;;0;22;151;492;2739;5131;0;4535;2701;1687;106;439;259;ND;ND;ND;ND
France;Données temps réel;2022-12-07;18:15;2022-12-07T18:15:00+01:00;71973;73400;71650;371;1728;7948;36698;1989;0;10654;0;797;11788;96;;;;;;198;22;151;5;2752;5191;0;4891;3439;2324;105;433;259;ND;ND;ND;ND
France;Données temps réel;2022-12-07;19:00;2022-12-07T19:00:00+01:00;74432;75600;74000;363;1814;7973;36688;2139;0;12761;-49;800;11943;94;2836;2350;961;1127;4779;190;22;151;0;2750;5224;0;5164;4331;3266;101;440;259;ND;ND;ND;ND
France;Données temps réel;2022-12-07;19:15;2022-12-07T19:15:00+01:00;74185;75100;73550;364;1832;7992;36717;2070;0;13023;-51;800;11438;94;;;;;;191;22;151;0;2755;5238;0;5217;4461;3345;103;438;259;ND;ND;ND;ND
France;Données temps réel;2022-12-07;20:00;2022-12-07T20:00:00+01:00;71542;72500;71100;364;1819;7933;36751;2001;0;10752;-55;809;11168;97;2096;2350;989;607;7573;191;22;151;0;2751;5184;0;4927;3243;2582;106;443;259;ND;ND;ND;ND
France;Données temps réel;2022-12-07;21:00;2022-12-07T21:00:00+01:00;67585;68400;67100;174;1698;7773;36709;1884;0;5763;-209;801;12992;101;2581;2350;966;382;8412;1;22;151;0;2724;5050;0;4087;1333;343;105;438;259;ND;ND;ND;ND
France;Données temps réel;2022-12-07;21:45;2022-12-07T21:45:00+01:00;65346;65950;64800;171;1626;7515;36633;1790;0;4124;-1389;796;14080;104;;;;;;0;22;151;0;2680;4836;0;3451;586;87;105;441;259;ND;ND;ND;ND
France;Données temps réel;2022-12-07;22:30;2022-12-07T22:30:00+01:00;64914;65600;64500;173;1619;7487;36753;1739;0;3991;-1181;797;13536;104;2778;2350;995;136;8466;0;22;151;0;2681;4807;0;3323;666;2;108;438;259;ND;ND;ND;ND
France;Données temps réel;2022-12-07;23:00;2022-12-07T23:00:00+01:00;65947;67400;66400;174;1681;7643;36954;1678;0;4211;-1002;802;13806;105;2778;2350;1158;-226;8576;1;22;151;0;2682;4962;0;3435;774;2;106;437;259;ND;ND;ND;ND
France;Données temps réel;2022-12-08;01:00;2022-12-08T01:00:00+01:00;61178;60900;61300;173;1527;7080;36981;1512;0;2806;-2870;819;13150;105;2528;2636;966;-515;8085;0;22;151;0;2644;4437;0;2691;115;0;111;440;259;ND;ND;ND;ND
France;Données temps réel;2022-12-08;02:15;2022-12-08T02:15:00+01:00;62348;61500;61500;173;1573;7772;37256;1529;0;2851;-3196;805;13585;111;;;;;;0;22;151;0;2633;5140;0;2612;239;0;111;439;259;ND;ND;ND;ND
France;Données temps réel;2022-12-08;03:15;2022-12-08T03:15:00+01:00;59626;59150;59750;173;1600;7970;37393;1510;0;2438;-3474;806;11210;114;;;;;;0;22;151;0;2619;5353;0;2496;0;0;106;437;259;ND;ND;ND;ND
France;Données temps réel;2022-12-08;03:45;2022-12-08T03:45:00+01:00;58594;58300;58950;172;1581;7953;37332;1457;0;2214;-3740;809;10816;115;;;;;;0;22;150;0;2622;5332;0;2260;0;0;111;441;259;ND;ND;ND;ND
France;Données temps réel;2022-12-08;04:00;2022-12-08T04:00:00+01:00;58318;57900;58500;172;1460;7721;37157;1452;0;2712;-3519;803;10360;110;1484;2400;-1854;-667;8684;0;22;151;0;2622;5100;0;2253;459;0;111;434;259;ND;ND;ND;ND
France;Données temps réel;2022-12-08;04:30;2022-12-08T04:30:00+01:00;58074;57800;58300;173;1565;7753;37321;1439;0;2846;-3520;801;9696;111;1484;2400;-1854;-667;8684;0;22;151;0;2623;5132;0;2333;513;0;112;431;259;ND;ND;ND;ND
France;Données temps réel;2022-12-08;05:45;2022-12-08T05:45:00+01:00;61238;61400;61650;173;1712;7806;37583;1430;0;2835;-2504;807;11396;111;;;;;;0;22;151;0;2616;5192;0;2612;220;3;111;433;259;ND;ND;ND;ND
France;Données temps réel;2022-12-08;06:00;2022-12-08T06:00:00+01:00;62372;62400;62600;173;1712;7685;37521;1443;0;2934;-2505;801;12608;110;2528;2000;1128;384;8194;1;22;150;0;2638;5049;0;2657;276;1;109;438;259;ND;ND;ND;ND
France;Données temps réel;2022-12-08;08:00;2022-12-08T08:00:00+01:00;73199;73400;73200;170;1739;9067;37054;1527;198;8387;-55;800;14312;104;1367;2400;1002;958;9135;0;22;150;328;2785;5954;0;3935;3321;1131;106;439;259;ND;ND;ND;ND
France;Données temps réel;2022-12-08;09:00;2022-12-08T09:00:00+01:00;73535;73800;73500;171;1759;9162;37164;1521;430;8236;-55;803;14344;105;796;2400;1160;668;9037;0;22;150;329;2829;6004;0;4103;3292;841;106;441;259;ND;ND;ND;ND
France;Données temps réel;2022-12-08;12:45;2022-12-08T12:45:00+01:00;71956;71700;71650;171;1823;8972;37411;1681;2575;6738;0;804;11781;103;;;;;;0;22;151;186;2804;5982;0;3990;2267;481;104;444;259;ND;ND;ND;ND
France;Données temps réel;2022-12-08;13:15;2022-12-08T13:15:00+01:00;70863;70600;70850;171;1827;9018;37431;1695;2538;7057;-1;812;10315;103;;;;;;0;22;150;186;2798;6034;0;3884;2616;557;108;445;259;ND;ND;ND;ND
France;Données temps réel;2022-12-08;14:00;2022-12-08T14:00:00+01:00;70505;70100;70700;171;1819;8936;37419;1780;2239;6368;0;803;10970;103;278;2200;1065;689;7437;0;22;150;196;2797;5943;0;4010;1911;447;105;444;259;ND;ND;ND;ND
France;Données temps réel;2022-12-08;15:15;2022-12-08T15:15:00+01:00;70012;69300;69850;173;1823;8913;37398;2091;1187;6697;0;807;10923;104;;;;;;1;22;150;208;2699;6006;0;3733;2211;753;108;440;259;ND;ND;ND;ND
France;Données temps réel;2022-12-08;18:45;2022-12-08T18:45:00+01:00;75327;74800;75500;800;1819;8715;37430;2550;0;12091;0;803;11119;102;;;;;;627;22;151;0;2798;5919;0;5087;4041;2963;101;445;259;ND;ND;ND;ND
France;Données temps réel;2022-12-08;19:15;2022-12-08T19:15:00+01:00;75332;75050;75750;485;1816;8736;37443;2542;0;11613;0;809;11888;99;;;;;;312;22;151;0;2787;5950;0;5022;3751;2840;101;451;259;ND;ND;ND;ND
France;Données temps réel;2022-12-08;20:15;2022-12-08T20:15:00+01:00;71574;71450;72050;362;1775;8610;37484;2508;0;9492;-57;810;10590;100;;;;;;189;22;151;0;2703;5908;0;4228;3409;1855;102;452;259;ND;ND;ND;ND
France;Données temps réel;2022-12-08;20:45;2022-12-08T20:45:00+01:00;69406;69300;69900;171;1760;8525;37507;2481;0;7824;-54;811;10381;100;;;;;;0;22;151;0;2677;5849;0;4026;2802;996;105;449;259;ND;ND;ND;ND
France;Données temps réel;2022-12-08;22:30;2022-12-08T22:30:00+01:00;65156;65400;65800;173;1632;7913;37100;2664;0;4242;-685;797;11320;102;1223;2300;1125;736;7187;0;22;151;0;2570;5345;0;3122;1086;34;99;446;259;ND;ND;ND;ND
France;Données temps réel;2022-12-08;23:00;2022-12-08T23:00:00+01:00;;67100;67500;;;;;;;;;;;;2423;2300;967;-82;7945;;;;;;;;;;;;;;;;;
France;Données temps réel;2022-12-08;23:45;2022-12-08T23:45:00+01:00;;65550;65800;;;;;;;;;;;;;;;;;;;;;;;;;;;;;;;;;
France;Données temps réel;2022-12-09;00:30;2022-12-09T00:30:00+01:00;;63600;;;;;;;;;;;;;;;;;;;;;;;;;;;;;;;;;;
France;Données temps réel;2022-12-09;02:45;2022-12-09T02:45:00+01:00;;60900;;;;;;;;;;;;;;;;;;;;;;;;;;;;;;;;;;
France;Données temps réel;2022-12-09;05:30;2022-12-09T05:30:00+01:00;;61200;;;;;;;;;;;;;;;;;;;;;;;;;;;;;;;;;;
France;Données temps réel;2022-12-09;06:15;2022-12-09T06:15:00+01:00;;64800;;;;;;;;;;;;;;;;;;;;;;;;;;;;;;;;;;
France;Données temps réel;2022-12-09;07:15;2022-12-09T07:15:00+01:00;;71000;;;;;;;;;;;;;;;;;;;;;;;;;;;;;;;;;;
France;Données temps réel;2022-12-09;07:30;2022-12-09T07:30:00+01:00;;72400;;;;;;;;;;;;;;;;;;;;;;;;;;;;;;;;;;
France;Données temps réel;2022-12-09;07:45;2022-12-09T07:45:00+01:00;;72950;;;;;;;;;;;;;;;;;;;;;;;;;;;;;;;;;;
France;Données temps réel;2022-12-09;08:15;2022-12-09T08:15:00+01:00;;73650;;;;;;;;;;;;;;;;;;;;;;;;;;;;;;;;;;
France;Données temps réel;2022-12-09;09:30;2022-12-09T09:30:00+01:00;;74200;;;;;;;;;;;;;;;;;;;;;;;;;;;;;;;;;;
France;Données temps réel;2022-12-09;10:15;2022-12-09T10:15:00+01:00;;74150;;;;;;;;;;;;;;;;;;;;;;;;;;;;;;;;;;
France;Données temps réel;2022-12-09;11:00;2022-12-09T11:00:00+01:00;;73700;;;;;;;;;;;;;;;;;;;;;;;;;;;;;;;;;;
France;Données temps réel;2022-12-09;15:15;2022-12-09T15:15:00+01:00;;69150;;;;;;;;;;;;;;;;;;;;;;;;;;;;;;;;;;
France;Données temps réel;2022-12-09;15:45;2022-12-09T15:45:00+01:00;;68300;;;;;;;;;;;;;;;;;;;;;;;;;;;;;;;;;;
France;Données temps réel;2022-12-09;18:00;2022-12-09T18:00:00+01:00;;72300;;;;;;;;;;;;;;;;;;;;;;;;;;;;;;;;;;
France;Données temps réel;2022-12-09;19:30;2022-12-09T19:30:00+01:00;;72900;;;;;;;;;;;;;;;;;;;;;;;;;;;;;;;;;;
France;Données temps réel;2022-12-09;21:45;2022-12-09T21:45:00+01:00;;65850;;;;;;;;;;;;;;;;;;;;;;;;;;;;;;;;;;
France;Données temps réel;2022-12-09;22:30;2022-12-09T22:30:00+01:00;;65900;;;;;;;;;;;;;;;;;;;;;;;;;;;;;;;;;;
France;Données temps réel;2022-12-09;23:00;2022-12-09T23:00:00+01:00;;67500;;;;;;;;;;;;;;;;;;;;;;;;;;;;;;;;;;
France;Données temps réel;2022-12-09;23:30;2022-12-09T23:30:00+01:00;;66800;;;;;;;;;;;;;;;;;;;;;;;;;;;;;;;;;;
France;Données temps réel;2022-12-07;01:00;2022-12-07T01:00:00+01:00;59704;60900;59900;173;1374;6938;36521;2526;0;3357;-3125;822;11118;100;2438;2590;1119;-1064;6117;0;22;151;0;2592;4348;0;3007;350;0;114;445;259;ND;ND;ND;ND
France;Données temps réel;2022-12-07;01:15;2022-12-07T01:15:00+01:00;60114;61000;60100;173;1443;7328;36477;2517;0;3616;-3072;821;10811;103;;;;;;0;22;151;0;2593;4737;0;2888;728;0;112;444;259;ND;ND;ND;ND
France;Données temps réel;2022-12-07;02:00;2022-12-07T02:00:00+01:00;59882;61600;61000;174;1437;7287;36493;2552;0;3540;-3389;814;10974;104;2438;2590;1031;-822;5951;1;22;151;0;2591;4697;0;2784;610;146;112;445;259;ND;ND;ND;ND
France;Données temps réel;2022-12-07;02:45;2022-12-07T02:45:00+01:00;59014;59950;59250;173;1510;7056;36384;2633;0;3200;-3339;817;10580;104;;;;;;0;22;151;0;2584;4474;0;2625;428;147;116;442;259;ND;ND;ND;ND
France;Données temps réel;2022-12-07;04:45;2022-12-07T04:45:00+01:00;56960;57900;57450;172;1448;7308;36512;2687;0;2767;-3445;813;8698;105;;;;;;0;22;151;0;2584;4725;0;2625;142;0;113;441;259;ND;ND;ND;ND
France;Données temps réel;2022-12-07;07:30;2022-12-07T07:30:00+01:00;70079;71400;70300;172;1469;8395;36627;2431;0;7290;-57;817;12935;97;2236;2250;984;437;7576;0;22;151;481;2710;5204;0;3853;2168;1269;107;449;259;ND;ND;ND;ND
France;Données temps réel;2022-12-07;08:00;2022-12-07T08:00:00+01:00;72077;73000;72100;172;1525;8409;36731;2373;258;8259;-58;801;13607;97;2139;2250;983;1189;7457;0;22;150;488;2711;5210;0;4125;2415;1719;102;444;259;ND;ND;ND;ND
France;Données temps réel;2022-12-07;09:45;2022-12-07T09:45:00+01:00;73002;73700;72800;378;1518;8332;36767;2229;1713;7822;0;811;13432;97;;;;;;207;22;149;497;2672;5163;0;4350;2378;1094;107;445;259;ND;ND;ND;ND
France;Données temps réel;2022-12-07;10:00;2022-12-07T10:00:00+01:00;72639;73600;72600;381;1513;8306;36744;2155;2107;7369;-1;810;13255;97;2240;2250;906;640;7256;209;22;150;495;2668;5143;0;4381;2102;886;107;444;259;ND;ND;ND;ND
France;Données temps réel;2022-12-07;13:00;2022-12-07T13:00:00+01:00;69223;71000;69200;173;1472;8211;36733;1806;5401;4743;-915;804;10795;94;2357;2526;458;-1449;6625;0;22;151;413;2721;5077;0;3843;808;92;109;441;259;ND;ND;ND;ND
France;Données temps réel;2022-12-07;13:15;2022-12-07T13:15:00+01:00;68710;70650;68650;171;1491;8190;36745;1785;5391;5109;-914;809;9933;94;;;;;;0;22;151;444;2717;5029;0;3773;1141;195;109;438;259;ND;ND;ND;ND
France;Données temps réel;2022-12-07;15:15;2022-12-07T15:15:00+01:00;67119;69550;67000;171;1497;8339;36637;1756;3036;5010;-81;805;9949;98;;;;;;0;22;151;477;2715;5147;0;3511;997;502;109;440;259;ND;ND;ND;ND
France;Données temps réel;2022-12-07;16:30;2022-12-07T16:30:00+01:00;66060;68200;66000;172;1596;8198;36578;1829;698;6351;0;801;9837;100;2067;2497;-88;703;4604;0;22;151;452;2721;5025;0;3966;1921;464;107;435;259;ND;ND;ND;ND
France;Données temps réel;2022-12-07;17:45;2022-12-07T17:45:00+01:00;70713;72000;70100;168;1769;8420;36684;2012;0;10140;-1;798;10723;98;;;;;;0;22;151;495;2742;5183;0;4746;3134;2260;101;438;259;ND;ND;ND;ND
France;Données temps réel;2022-12-07;18:45;2022-12-07T18:45:00+01:00;73965;74850;73200;362;1755;7962;36719;2127;0;12080;0;799;12161;94;;;;;;189;22;151;0;2750;5214;0;5083;4209;2788;106;434;259;ND;ND;ND;ND
France;Données temps réel;2022-12-07;19:30;2022-12-07T19:30:00+01:00;73757;74600;73100;363;1829;7970;36724;2056;0;12571;-58;803;11499;95;2836;2350;961;1127;4799;190;22;151;0;2757;5214;0;5217;4275;3079;105;439;259;ND;ND;ND;ND
France;Données temps réel;2022-12-07;20:30;2022-12-07T20:30:00+01:00;69734;70300;68900;171;1818;7899;36733;1957;0;7612;-58;790;12812;100;2096;2350;989;607;7575;0;22;151;0;2746;5155;0;4349;2547;716;102;438;259;ND;ND;ND;ND
France;Données temps réel;2022-12-07;22:00;2022-12-07T22:00:00+01:00;64708;65300;64200;175;1555;7288;36634;1802;0;3997;-1909;805;14361;103;2778;2350;995;136;8466;2;22;151;0;2679;4610;0;3436;514;47;105;438;259;ND;ND;ND;ND
France;Données temps réel;2022-12-07;23:30;2022-12-07T23:30:00+01:00;65179;66200;65200;172;1627;7615;37058;1626;0;3844;-1016;796;13457;104;2778;2350;1158;-226;8576;0;22;151;0;2647;4970;0;3323;519;2;108;438;259;ND;ND;ND;ND
France;Données temps réel;2022-12-08;01:15;2022-12-08T01:15:00+01:00;61777;61150;61450;173;1513;7450;37122;1487;0;2811;-3069;814;13476;108;;;;;;0;22;151;0;2642;4809;0;2651;160;0;112;441;259;ND;ND;ND;ND
France;Données temps réel;2022-12-08;02:00;2022-12-08T02:00:00+01:00;61415;62000;61600;172;1485;7399;37149;1523;0;2693;-3235;806;13423;107;2365;2636;265;-406;8360;0;22;151;0;2635;4765;0;2584;109;0;109;437;259;ND;ND;ND;ND
France;Données temps réel;2022-12-08;02:30;2022-12-08T02:30:00+01:00;61106;61000;61400;173;1507;7425;37220;1513;0;2469;-3374;811;13362;109;2365;2636;265;-406;8348;0;22;151;0;2640;4786;0;2605;0;0;112;439;259;ND;ND;ND;ND
France;Données temps réel;2022-12-08;02:45;2022-12-08T02:45:00+01:00;60612;60300;60750;174;1495;7459;37130;1526;0;2448;-3538;812;13106;109;;;;;;1;22;151;0;2635;4825;0;2561;0;0;112;442;259;ND;ND;ND;ND
France;Données temps réel;2022-12-08;05:15;2022-12-08T05:15:00+01:00;60032;59550;59850;172;1653;7358;37494;1429;0;2688;-3456;805;11889;110;;;;;;0;22;151;0;2619;4740;0;2505;183;0;113;437;259;ND;ND;ND;ND
France;Données temps réel;2022-12-08;05:30;2022-12-08T05:30:00+01:00;60500;60400;60700;171;1697;7657;37547;1410;0;2739;-3443;810;11912;113;2013;2400;-9;-896;8527;0;22;150;0;2621;5037;0;2526;213;0;113;434;259;ND;ND;ND;ND
France;Données temps réel;2022-12-08;07:00;2022-12-08T07:00:00+01:00;68935;69000;69100;173;1723;8340;37264;1469;0;4919;-81;789;14339;106;2528;2000;1086;1083;7501;1;22;150;63;2811;5466;0;3151;1766;2;107;434;259;ND;ND;ND;ND
France;Données temps réel;2022-12-08;09:30;2022-12-08T09:30:00+01:00;73354;74000;73200;170;1750;9108;37190;1514;950;8232;0;803;13637;103;796;2400;1160;668;9043;0;22;150;341;2826;5941;0;4406;3214;612;107;440;259;ND;ND;ND;ND
France;Données temps réel;2022-12-08;10:15;2022-12-08T10:15:00+01:00;73306;73700;73000;171;1755;9130;37190;1619;1741;7616;0;807;13277;103;;;;;;0;22;150;341;2821;5968;0;4309;2687;620;100;447;259;ND;ND;ND;ND
France;Données temps réel;2022-12-08;12:15;2022-12-08T12:15:00+01:00;72928;73200;73000;172;1819;9002;37337;1695;2592;7163;0;800;12348;102;;;;;;0;22;151;186;2803;6013;0;4072;2342;749;100;443;259;ND;ND;ND;ND
France;Données temps réel;2022-12-08;14:15;2022-12-08T14:15:00+01:00;70645;70100;70500;173;1816;8896;37463;1848;1923;6358;0;809;11359;104;;;;;;1;22;150;196;2753;5947;0;3924;1997;437;106;448;259;ND;ND;ND;ND
France;Données temps réel;2022-12-08;14:30;2022-12-08T14:30:00+01:00;70360;70100;70300;173;1814;8887;37466;1897;1823;6230;0;807;11263;104;278;2200;1065;683;7380;0;22;151;196;2740;5951;0;3865;1853;512;111;439;259;ND;ND;ND;ND
France;Données temps réel;2022-12-08;15:00;2022-12-08T15:00:00+01:00;70194;69700;70200;172;1820;8923;37432;2036;1505;6241;0;800;11265;104;25;2445;1125;881;6339;0;22;151;208;2737;5978;0;3772;1846;623;107;436;259;ND;ND;ND;ND
France;Données temps réel;2022-12-08;18:15;2022-12-08T18:15:00+01:00;73700;73450;74150;798;1812;8818;37427;2473;0;11687;0;813;9872;103;;;;;;625;22;151;76;2782;5960;0;5061;3843;2783;101;452;259;ND;ND;ND;ND
France;Données temps réel;2022-12-08;18:30;2022-12-08T18:30:00+01:00;74518;74100;74800;800;1805;8731;37431;2545;0;11898;-1;800;10509;102;-1200;2000;945;1200;8146;627;22;151;0;2799;5934;0;5102;3961;2835;99;440;259;ND;ND;ND;ND
France;Données temps réel;2022-12-08;19:30;2022-12-08T19:30:00+01:00;74526;74600;75300;425;1816;8698;37453;2542;0;11313;-28;806;11501;99;-1101;2000;892;1196;9041;252;22;151;0;2794;5906;0;5020;3668;2625;103;449;259;ND;ND;ND;ND
France;Données temps réel;2022-12-08;21:15;2022-12-08T21:15:00+01:00;67245;67350;67900;171;1730;8269;37465;2611;0;6098;-55;813;10143;101;;;;;;0;22;151;0;2571;5700;0;3633;1906;559;111;436;259;ND;ND;ND;ND
France;Données temps réel;2022-12-08;21:45;2022-12-08T21:45:00+01:00;65602;65800;66300;170;1668;8057;37341;2712;0;4584;0;797;10273;101;;;;;;0;22;150;0;2574;5484;0;3230;1316;38;108;435;259;ND;ND;ND;ND
France;Données temps réel;2022-12-08;22:15;2022-12-08T22:15:00+01:00;65084;65250;65700;171;1659;7963;37150;2607;0;4356;-685;798;11065;103;;;;;;0;22;151;0;2573;5391;0;3160;1160;36;98;438;259;ND;ND;ND;ND
France;Données temps réel;2022-12-08;22:45;2022-12-08T22:45:00+01:00;66769;66250;66650;174;1669;8030;37138;2698;0;4442;-686;805;12499;103;;;;;;1;22;151;0;2574;5458;0;3254;1151;37;107;443;259;ND;ND;ND;ND
France;Données temps réel;2022-12-09;00:15;2022-12-09T00:15:00+01:00;;64400;;;;;;;;;;;;;;;;;;;;;;;;;;;;;;;;;;
France;Données temps réel;2022-12-09;01:30;2022-12-09T01:30:00+01:00;;62200;;;;;;;;;;;;;;;;;;;;;;;;;;;;;;;;;;
France;Données temps réel;2022-12-09;03:45;2022-12-09T03:45:00+01:00;;59050;;;;;;;;;;;;;;;;;;;;;;;;;;;;;;;;;;
France;Données temps réel;2022-12-09;04:15;2022-12-09T04:15:00+01:00;;58700;;;;;;;;;;;;;;;;;;;;;;;;;;;;;;;;;;
France;Données temps réel;2022-12-09;06:30;2022-12-09T06:30:00+01:00;;66500;;;;;;;;;;;;;;;;;;;;;;;;;;;;;;;;;;
France;Données temps réel;2022-12-09;08:30;2022-12-09T08:30:00+01:00;;73800;;;;;;;;;;;;;;;;;;;;;;;;;;;;;;;;;;
France;Données temps réel;2022-12-09;08:45;2022-12-09T08:45:00+01:00;;73950;;;;;;;;;;;;;;;;;;;;;;;;;;;;;;;;;;
France;Données temps réel;2022-12-09;12:00;2022-12-09T12:00:00+01:00;;74200;;;;;;;;;;;;;;;;;;;;;;;;;;;;;;;;;;
France;Données temps réel;2022-12-09;12:45;2022-12-09T12:45:00+01:00;;71900;;;;;;;;;;;;;;;;;;;;;;;;;;;;;;;;;;
France;Données temps réel;2022-12-09;13:15;2022-12-09T13:15:00+01:00;;70800;;;;;;;;;;;;;;;;;;;;;;;;;;;;;;;;;;
France;Données temps réel;2022-12-09;13:45;2022-12-09T13:45:00+01:00;;70250;;;;;;;;;;;;;;;;;;;;;;;;;;;;;;;;;;
France;Données temps réel;2022-12-09;17:30;2022-12-09T17:30:00+01:00;;70600;;;;;;;;;;;;;;;;;;;;;;;;;;;;;;;;;;
France;Données temps réel;2022-12-09;17:45;2022-12-09T17:45:00+01:00;;71450;;;;;;;;;;;;;;;;;;;;;;;;;;;;;;;;;;
France;Données temps réel;2022-12-09;20:15;2022-12-09T20:15:00+01:00;;70550;;;;;;;;;;;;;;;;;;;;;;;;;;;;;;;;;;
France;Données temps réel;2022-12-09;20:30;2022-12-09T20:30:00+01:00;;69600;;;;;;;;;;;;;;;;;;;;;;;;;;;;;;;;;;
France;Données temps réel;2022-12-09;21:30;2022-12-09T21:30:00+01:00;;66300;;;;;;;;;;;;;;;;;;;;;;;;;;;;;;;;;;
France;Données temps réel;2022-12-07;01:45;2022-12-07T01:45:00+01:00;60239;61350;60650;171;1473;7551;36533;2530;0;3643;-3479;809;11008;106;;;;;;0;22;151;0;2591;4961;0;2835;808;0;111;443;259;ND;ND;ND;ND
France;Données temps réel;2022-12-07;02:15;2022-12-07T02:15:00+01:00;60608;61100;60450;173;1511;7561;36637;2606;0;3668;-3288;815;10925;106;;;;;;0;22;151;0;2594;4969;0;2743;778;147;114;441;259;ND;ND;ND;ND
France;Données temps réel;2022-12-07;02:30;2022-12-07T02:30:00+01:00;59673;60600;59900;174;1514;7292;36525;2565;0;3437;-3322;809;10679;105;2438;2590;1031;-822;5951;1;22;151;0;2590;4704;0;2681;609;147;114;440;259;ND;ND;ND;ND
France;Données temps réel;2022-12-07;04:00;2022-12-07T04:00:00+01:00;56746;57600;56700;173;1441;7201;36335;2742;0;2567;-3427;808;8906;105;2272;2636;-101;-2728;6712;0;22;151;0;2583;4619;0;2477;90;0;112;439;259;ND;ND;ND;ND
France;Données temps réel;2022-12-07;06:00;2022-12-07T06:00:00+01:00;60979;62000;61200;174;1448;7423;36537;2530;0;3292;-2688;803;11460;103;2520;2250;1155;253;5987;1;22;151;0;2620;4804;0;2860;430;2;111;439;259;ND;ND;ND;ND
France;Données temps réel;2022-12-07;06:45;2022-12-07T06:45:00+01:00;65647;67050;66100;171;1504;7737;36492;2539;0;5251;-548;810;11691;98;;;;;;0;22;151;0;2629;5109;0;3414;1497;340;106;445;259;ND;ND;ND;ND
France;Données temps réel;2022-12-07;07:15;2022-12-07T07:15:00+01:00;69131;70000;68900;171;1388;8218;36443;2444;0;6299;-58;818;13408;97;;;;;;0;22;151;501;2698;5019;0;3761;1611;927;109;448;259;ND;ND;ND;ND
France;Données temps réel;2022-12-07;09:00;2022-12-07T09:00:00+01:00;72919;73600;72900;384;1528;8385;36756;2344;548;8580;0;809;13585;98;2019;2250;995;1200;7270;212;22;150;496;2711;5178;0;4528;2832;1220;106;444;259;ND;ND;ND;ND
France;Données temps réel;2022-12-07;10:30;2022-12-07T10:30:00+01:00;72562;73600;72600;377;1435;8335;36748;2073;3027;6747;-81;809;13092;96;2240;2250;906;640;7299;204;22;151;469;2694;5172;0;4251;1814;682;110;440;259;ND;ND;ND;ND
France;Données temps réel;2022-12-07;11:15;2022-12-07T11:15:00+01:00;72415;73600;72300;375;1440;8329;36738;1980;4130;6673;-81;814;12017;94;;;;;;203;22;150;448;2691;5190;0;4361;1693;619;113;442;259;ND;ND;ND;ND
France;Données temps réel;2022-12-07;11:45;2022-12-07T11:45:00+01:00;72382;73800;72500;228;1436;8351;36721;1947;4900;6275;-81;810;11795;92;;;;;;56;22;150;449;2723;5179;0;4311;1632;332;109;442;259;ND;ND;ND;ND
France;Données temps réel;2022-12-07;12:15;2022-12-07T12:15:00+01:00;71303;73200;71550;172;1485;8224;36743;1850;5240;5739;-286;804;11332;92;;;;;;0;22;151;442;2727;5055;0;3990;1354;395;111;445;259;ND;ND;ND;ND
France;Données temps réel;2022-12-07;12:45;2022-12-07T12:45:00+01:00;70082;71700;69800;171;1491;8309;36746;1785;5396;5245;-913;806;11046;94;;;;;;0;22;151;444;2726;5139;0;3907;1142;196;110;438;259;ND;ND;ND;ND
France;Données temps réel;2022-12-07;15:45;2022-12-07T15:45:00+01:00;66440;68950;66550;174;1505;8356;36663;1761;1961;5700;0;805;9515;98;;;;;;1;22;151;479;2713;5164;0;3557;1591;552;106;441;259;ND;ND;ND;ND
France;Données temps réel;2022-12-07;16:00;2022-12-07T16:00:00+01:00;66271;68700;66400;173;1493;8285;36612;1758;1448;6006;0;790;9706;98;2067;2497;-88;703;4689;0;22;151;464;2715;5106;0;3669;1798;539;107;436;259;ND;ND;ND;ND
France;Données temps réel;2022-12-07;16:45;2022-12-07T16:45:00+01:00;66426;68750;66600;171;1665;8307;36630;1887;448;6959;0;806;9553;101;;;;;;0;22;151;486;2722;5099;0;4053;2231;675;106;441;259;ND;ND;ND;ND
France;Données temps réel;2022-12-07;17:30;2022-12-07T17:30:00+01:00;69822;71300;69300;171;1765;8267;36707;1957;201;9325;0;797;10632;98;2222;2497;967;1094;4044;0;22;151;495;2738;5034;0;4738;2814;1773;101;437;259;ND;ND;ND;ND
France;Données temps réel;2022-12-07;18:00;2022-12-07T18:00:00+01:00;71304;72700;70900;375;1774;8431;36699;1991;0;10400;0;799;10835;100;2838;2350;985;1200;5092;202;22;151;494;2744;5193;0;4799;3305;2296;106;434;259;ND;ND;ND;ND
France;Données temps réel;2022-12-07;19:45;2022-12-07T19:45:00+01:00;72642;73550;72100;364;1825;7964;36736;2041;0;11818;-57;802;11149;96;;;;;;191;22;151;0;2756;5209;0;5190;3770;2858;105;438;259;ND;ND;ND;ND
France;Données temps réel;2022-12-07;20:15;2022-12-07T20:15:00+01:00;70751;71400;70000;256;1825;7916;36714;1948;0;8171;-56;801;13176;100;;;;;;83;22;151;0;2743;5174;0;4505;2854;812;104;441;259;ND;ND;ND;ND
France;Données temps réel;2022-12-07;21:30;2022-12-07T21:30:00+01:00;65865;66600;65400;173;1675;7665;36656;1794;0;4366;-1386;796;14126;105;2581;2350;966;382;8414;0;22;151;0;2678;4988;0;3635;625;106;107;442;259;ND;ND;ND;ND
France;Données temps réel;2022-12-07;22:45;2022-12-07T22:45:00+01:00;66543;66500;65450;172;1757;7927;36860;1722;0;4489;-1179;800;13995;107;;;;;;0;22;151;0;2682;5246;0;3444;1044;1;108;438;259;ND;ND;ND;ND
France;Données temps réel;2022-12-07;23:15;2022-12-07T23:15:00+01:00;65850;66800;65800;173;1708;7706;37015;1669;0;4078;-1002;804;13699;106;;;;;;0;22;151;0;2645;5062;0;3359;717;2;105;438;259;ND;ND;ND;ND
France;Données temps réel;2022-12-07;23:45;2022-12-07T23:45:00+01:00;65375;65300;64800;173;1619;7637;37120;1603;0;3545;-992;796;13874;105;;;;;;0;22;151;0;2644;4995;0;3139;404;2;107;436;259;ND;ND;ND;ND
France;Données temps réel;2022-12-08;00:15;2022-12-08T00:15:00+01:00;64313;63500;64000;173;1657;7670;37120;1565;0;3188;-1373;815;13498;107;;;;;;0;22;151;0;2654;5018;0;2809;378;1;111;442;259;ND;ND;ND;ND
France;Données temps réel;2022-12-08;00:30;2022-12-08T00:30:00+01:00;63008;62600;63200;171;1634;7707;37094;1545;0;3044;-2038;797;13054;109;2528;2636;1066;-394;8036;0;22;150;0;2646;5062;0;2768;276;0;107;438;259;ND;ND;ND;ND
France;Données temps réel;2022-12-08;00:45;2022-12-08T00:45:00+01:00;61764;61750;62250;172;1578;7130;36915;1540;0;2780;-2236;805;13080;105;;;;;;0;22;151;0;2646;4485;0;2706;74;0;109;440;259;ND;ND;ND;ND
France;Données temps réel;2022-12-08;01:45;2022-12-08T01:45:00+01:00;61963;61700;61600;173;1532;7626;37172;1534;0;2845;-3218;804;13495;109;;;;;;0;22;151;0;2635;4992;0;2639;206;0;112;440;259;ND;ND;ND;ND
France;Données temps réel;2022-12-08;03:00;2022-12-08T03:00:00+01:00;59931;59600;60100;172;1494;7462;37144;1552;0;2429;-3537;808;12407;109;1726;2557;-1416;-649;8835;0;22;151;0;2618;4846;0;2484;0;0;110;441;259;ND;ND;ND;ND
France;Données temps réel;2022-12-08;04:15;2022-12-08T04:15:00+01:00;58477;57850;58400;173;1541;7910;37333;1453;0;2865;-3521;806;9917;112;;;;;;0;22;151;0;2624;5287;0;2336;529;0;112;435;259;ND;ND;ND;ND
France;Données temps réel;2022-12-08;06:45;2022-12-08T06:45:00+01:00;67508;67450;67650;174;1732;8140;37406;1456;0;4316;-696;795;14185;107;;;;;;1;22;151;0;2713;5428;0;3098;1216;2;109;427;259;ND;ND;ND;ND
France;Données temps réel;2022-12-08;07:15;2022-12-08T07:15:00+01:00;70290;70400;70250;172;1730;8929;37443;1495;0;5804;-131;811;14037;108;;;;;;0;22;150;333;2816;5780;0;3652;1855;297;110;437;259;ND;ND;ND;ND
France;Données temps réel;2022-12-08;08:30;2022-12-08T08:30:00+01:00;73135;73500;73100;171;1734;9159;37058;1560;272;7903;-55;810;14523;105;1367;2400;1002;958;9120;0;22;150;329;2829;6001;0;3954;3085;864;109;440;259;ND;ND;ND;ND
France;Données temps réel;2022-12-08;10:45;2022-12-08T10:45:00+01:00;73102;73650;73200;172;1758;9168;37238;1632;2166;7040;0;811;13117;103;;;;;;0;22;150;340;2822;6006;0;4263;2334;443;106;448;259;ND;ND;ND;ND
France;Données temps réel;2022-12-08;13:00;2022-12-08T13:00:00+01:00;71137;71000;71100;172;1820;8855;37430;1630;2613;6530;0;808;11279;102;354;2200;1092;631;6351;0;22;151;187;2801;5867;0;3967;2162;401;105;445;259;ND;ND;ND;ND
France;Données temps réel;2022-12-08;13:30;2022-12-08T13:30:00+01:00;70617;70200;70600;172;1826;9000;37423;1718;2393;6572;0;808;10705;103;354;2200;1092;631;6277;0;22;151;187;2798;6015;0;3915;2146;511;105;448;259;ND;ND;ND;ND
France;Données temps réel;2022-12-08;13:45;2022-12-08T13:45:00+01:00;70266;70150;70650;171;1823;8993;37429;1713;2357;6583;0;814;10383;103;;;;;;0;22;150;195;2798;6000;0;4009;1963;611;109;447;259;ND;ND;ND;ND
France;Données temps réel;2022-12-08;14:45;2022-12-08T14:45:00+01:00;70674;69900;70250;174;1818;8888;37452;1994;1643;6546;0;805;11354;104;;;;;;1;22;151;199;2741;5948;0;3837;2016;693;108;438;259;ND;ND;ND;ND
France;Données temps réel;2022-12-08;15:30;2022-12-08T15:30:00+01:00;69697;68900;69500;175;1822;8886;37317;2160;997;6605;0;804;10931;105;25;2445;1125;881;6264;2;22;151;205;2690;5991;0;3669;2203;733;107;437;259;ND;ND;ND;ND
France;Données temps réel;2022-12-08;16:00;2022-12-08T16:00:00+01:00;69401;68400;69100;172;1819;8856;37310;2313;637;6777;-1;792;10726;104;-14;2300;1103;1193;6035;0;22;151;204;2687;5965;0;3605;2351;821;111;432;259;ND;ND;ND;ND
France;Données temps réel;2022-12-08;16:15;2022-12-08T16:15:00+01:00;69352;68200;68950;172;1815;8848;37337;2375;479;6867;0;797;10662;104;;;;;;0;22;151;208;2703;5937;0;3646;2529;692;106;432;259;ND;ND;ND;ND
France;Données temps réel;2022-12-08;16:45;2022-12-08T16:45:00+01:00;69448;68550;69350;169;1816;8838;37384;2386;290;7851;0;798;9916;103;;;;;;0;22;150;208;2698;5932;0;3806;3204;841;101;438;259;ND;ND;ND;ND
France;Données temps réel;2022-12-08;17:45;2022-12-08T17:45:00+01:00;73007;71950;72700;415;1815;8916;37406;2364;0;11449;0;799;9843;100;;;;;;243;22;150;208;2740;5968;0;4552;4252;2645;99;441;259;ND;ND;ND;ND
France;Données temps réel;2022-12-08;19:00;2022-12-08T19:00:00+01:00;75666;75500;76200;700;1817;8780;37447;2563;0;12286;0;805;11268;101;-1101;2000;892;1185;9044;527;22;151;0;2799;5983;0;5092;4040;3154;102;449;259;ND;ND;ND;ND
France;Données temps réel;2022-12-08;22:00;2022-12-08T22:00:00+01:00;64932;65100;65600;173;1595;7719;37278;2700;0;4285;-287;798;10671;99;1223;2300;1125;626;6737;0;22;151;0;2573;5148;0;3253;1005;27;101;435;259;ND;ND;ND;ND
France;Données temps réel;2022-12-09;00:00;2022-12-09T00:00:00+01:00;;65200;;;;;;;;;;;;;;;;;;;;;;;;;;;;;;;;;;
France;Données temps réel;2022-12-09;00:45;2022-12-09T00:45:00+01:00;;62650;;;;;;;;;;;;;;;;;;;;;;;;;;;;;;;;;;
France;Données temps réel;2022-12-09;01:00;2022-12-09T01:00:00+01:00;;61700;;;;;;;;;;;;;;;;;;;;;;;;;;;;;;;;;;
France;Données temps réel;2022-12-09;01:45;2022-12-09T01:45:00+01:00;;62450;;;;;;;;;;;;;;;;;;;;;;;;;;;;;;;;;;
France;Données temps réel;2022-12-09;02:30;2022-12-09T02:30:00+01:00;;61600;;;;;;;;;;;;;;;;;;;;;;;;;;;;;;;;;;
France;Données temps réel;2022-12-09;03:00;2022-12-09T03:00:00+01:00;;60200;;;;;;;;;;;;;;;;;;;;;;;;;;;;;;;;;;
France;Données temps réel;2022-12-09;03:15;2022-12-09T03:15:00+01:00;;59800;;;;;;;;;;;;;;;;;;;;;;;;;;;;;;;;;;
France;Données temps réel;2022-12-09;04:30;2022-12-09T04:30:00+01:00;;58700;;;;;;;;;;;;;;;;;;;;;;;;;;;;;;;;;;
France;Données temps réel;2022-12-09;07:00;2022-12-09T07:00:00+01:00;;69600;;;;;;;;;;;;;;;;;;;;;;;;;;;;;;;;;;
France;Données temps réel;2022-12-09;09:15;2022-12-09T09:15:00+01:00;;74150;;;;;;;;;;;;;;;;;;;;;;;;;;;;;;;;;;
France;Données temps réel;2022-12-09;09:45;2022-12-09T09:45:00+01:00;;74200;;;;;;;;;;;;;;;;;;;;;;;;;;;;;;;;;;
France;Données temps réel;2022-12-09;10:45;2022-12-09T10:45:00+01:00;;73900;;;;;;;;;;;;;;;;;;;;;;;;;;;;;;;;;;
France;Données temps réel;2022-12-09;11:30;2022-12-09T11:30:00+01:00;;73500;;;;;;;;;;;;;;;;;;;;;;;;;;;;;;;;;;
France;Données temps réel;2022-12-09;11:45;2022-12-09T11:45:00+01:00;;73850;;;;;;;;;;;;;;;;;;;;;;;;;;;;;;;;;;
France;Données temps réel;2022-12-09;12:15;2022-12-09T12:15:00+01:00;;73350;;;;;;;;;;;;;;;;;;;;;;;;;;;;;;;;;;
France;Données temps réel;2022-12-09;13:30;2022-12-09T13:30:00+01:00;;70300;;;;;;;;;;;;;;;;;;;;;;;;;;;;;;;;;;
France;Données temps réel;2022-12-09;15:30;2022-12-09T15:30:00+01:00;;68700;;;;;;;;;;;;;;;;;;;;;;;;;;;;;;;;;;
France;Données temps réel;2022-12-09;18:45;2022-12-09T18:45:00+01:00;;73450;;;;;;;;;;;;;;;;;;;;;;;;;;;;;;;;;;
France;Données temps réel;2022-12-09;19:15;2022-12-09T19:15:00+01:00;;73350;;;;;;;;;;;;;;;;;;;;;;;;;;;;;;;;;;
France;Données temps réel;2022-12-09;19:45;2022-12-09T19:45:00+01:00;;72200;;;;;;;;;;;;;;;;;;;;;;;;;;;;;;;;;;
France;Données temps réel;2022-12-09;20:00;2022-12-09T20:00:00+01:00;;71500;;;;;;;;;;;;;;;;;;;;;;;;;;;;;;;;;;
France;Données temps réel;2022-12-09;22:15;2022-12-09T22:15:00+01:00;;65650;;;;;;;;;;;;;;;;;;;;;;;;;;;;;;;;;;
France;Données temps réel;2022-12-09;22:45;2022-12-09T22:45:00+01:00;;66700;;;;;;;;;;;;;;;;;;;;;;;;;;;;;;;;;;
France;Données temps réel;2022-12-07;00:00;2022-12-07T00:00:00+01:00;63141;64200;63400;171;1492;6936;36470;2493;0;3915;-1894;812;12746;98;2322;2590;1109;-894;6690;0;21;151;0;2625;4312;0;3384;530;1;116;440;259;ND;ND;ND;ND
France;Données temps réel;2022-12-07;01:30;2022-12-07T01:30:00+01:00;59900;61100;60300;173;1448;7391;36474;2483;0;3435;-3487;805;11178;105;2438;2590;1119;-1064;6117;0;22;151;0;2592;4800;0;2811;624;0;114;441;259;ND;ND;ND;ND
France;Données temps réel;2022-12-07;08:15;2022-12-07T08:15:00+01:00;72436;73100;72350;172;1521;8378;36742;2407;305;8556;-56;811;13600;96;;;;;;0;22;150;493;2717;5168;0;4380;2853;1323;105;447;259;ND;ND;ND;ND
France;Données temps réel;2022-12-07;08:45;2022-12-07T08:45:00+01:00;72773;73400;72750;174;1527;8389;36757;2325;448;8778;0;807;13568;95;;;;;;3;22;149;495;2714;5180;0;4551;2878;1349;105;443;259;ND;ND;ND;ND
France;Données temps réel;2022-12-07;11:00;2022-12-07T11:00:00+01:00;72322;73600;72300;378;1393;8272;36750;2051;3878;6198;-81;815;12668;94;2358;2526;894;-210;6465;206;22;150;427;2694;5151;0;4352;1412;434;110;446;259;ND;ND;ND;ND
France;Données temps réel;2022-12-07;11:30;2022-12-07T11:30:00+01:00;72347;73600;72300;381;1426;8323;36762;1966;4404;6476;-82;814;11877;94;2358;2526;894;-210;6501;208;22;151;440;2703;5180;0;4328;1587;561;111;444;259;ND;ND;ND;ND
France;Données temps réel;2022-12-07;13:30;2022-12-07T13:30:00+01:00;68079;70300;68100;172;1472;8159;36754;1813;5299;4633;-914;804;9887;94;2357;2526;458;-1449;6573;0;22;151;436;2717;5006;0;3685;786;162;107;439;259;ND;ND;ND;ND
France;Données temps réel;2022-12-07;13:45;2022-12-07T13:45:00+01:00;67905;70300;68000;175;1441;8108;36754;1754;5139;4826;-911;804;9815;94;;;;;;2;22;151;450;2714;4944;0;3732;885;209;106;439;259;ND;ND;ND;ND
France;Données temps réel;2022-12-07;14:15;2022-12-07T14:15:00+01:00;68069;70350;67800;171;1444;8153;36705;1767;4844;4597;-912;809;10491;95;;;;;;0;22;151;444;2717;4992;0;3748;667;182;107;443;259;ND;ND;ND;ND
France;Données temps réel;2022-12-07;15:30;2022-12-07T15:30:00+01:00;66704;69200;66700;171;1506;8348;36634;1690;2473;5385;-81;814;9764;98;2398;2497;455;-461;4866;0;22;151;475;2711;5162;0;3522;1349;514;109;444;259;ND;ND;ND;ND
France;Données temps réel;2022-12-07;17:00;2022-12-07T17:00:00+01:00;67206;69300;67200;171;1767;8328;36639;1897;244;7346;-1;802;10013;102;2222;2497;967;1094;4049;0;22;151;482;2724;5122;0;4156;2449;741;107;436;259;ND;ND;ND;ND
France;Données temps réel;2022-12-08;00:00;2022-12-08T00:00:00+01:00;64589;64400;64800;174;1591;7444;37154;1596;0;3403;-1390;807;13810;104;2528;2636;1066;-394;8035;1;22;151;0;2646;4800;0;3140;262;1;107;440;259;ND;ND;ND;ND
France;Données temps réel;2022-12-08;01:30;2022-12-08T01:30:00+01:00;61427;61400;61600;172;1486;7396;37092;1526;0;2801;-3241;802;13393;107;2528;2636;966;-515;8090;0;22;151;0;2638;4759;0;2664;137;0;112;438;259;ND;ND;ND;ND
France;Données temps réel;2022-12-08;03:30;2022-12-08T03:30:00+01:00;59064;58700;59400;174;1570;7860;37320;1497;0;2395;-3645;805;11088;113;1726;2557;-1416;-649;8827;1;22;151;0;2618;5243;0;2428;0;5;110;440;259;ND;ND;ND;ND
France;Données temps réel;2022-12-08;04:45;2022-12-08T04:45:00+01:00;58133;58250;58650;174;1633;7844;37407;1442;0;2613;-3445;808;9657;113;;;;;;1;22;151;0;2622;5223;0;2395;218;0;112;437;259;ND;ND;ND;ND
France;Données temps réel;2022-12-08;05:00;2022-12-08T05:00:00+01:00;58814;58700;59000;171;1631;7756;37450;1405;0;2568;-3461;785;10509;113;2013;2400;-9;-896;8653;0;22;150;0;2620;5137;0;2343;225;0;105;432;259;ND;ND;ND;ND
France;Données temps réel;2022-12-08;06:15;2022-12-08T06:15:00+01:00;64652;64150;64400;174;1730;7852;37379;1375;0;3476;-1661;793;13534;109;;;;;;1;22;151;0;2689;5164;0;2957;517;2;109;419;259;ND;ND;ND;ND
France;Données temps réel;2022-12-08;08:15;2022-12-08T08:15:00+01:00;72978;73450;73150;170;1736;9112;37029;1532;236;8025;-55;808;14385;105;;;;;;0;22;149;326;2783;6003;0;3985;3179;861;110;441;259;ND;ND;ND;ND
France;Données temps réel;2022-12-08;08:45;2022-12-08T08:45:00+01:00;73128;73650;73300;172;1755;9153;37170;1573;356;7957;-55;807;14240;105;;;;;;0;22;150;330;2830;5993;0;3996;3084;877;106;440;259;ND;ND;ND;ND
France;Données temps réel;2022-12-08;09:45;2022-12-08T09:45:00+01:00;73456;73850;73100;170;1753;9163;37158;1562;1161;7862;-1;808;13820;104;;;;;;0;22;150;341;2828;5994;0;4410;2910;542;107;444;259;ND;ND;ND;ND
France;Données temps réel;2022-12-08;10:00;2022-12-08T10:00:00+01:00;73130;73700;73000;170;1752;9156;37172;1592;1411;7856;-1;803;13219;103;975;2400;1102;1013;7979;0;22;150;340;2825;5991;0;4393;2919;544;104;442;259;ND;ND;ND;ND
France;Données temps réel;2022-12-08;11:00;2022-12-08T11:00:00+01:00;73375;73600;73400;171;1752;9158;37268;1720;2335;6947;0;805;13219;103;1032;2543;1116;338;7798;0;22;150;340;2823;5995;0;4261;2272;414;107;443;259;ND;ND;ND;ND
France;Données temps réel;2022-12-08;11:30;2022-12-08T11:30:00+01:00;73491;73600;73500;172;1764;9200;37266;1736;2598;6949;-1;807;13000;103;1032;2543;1116;240;7801;0;22;150;346;2812;6042;0;4096;2229;624;104;448;259;ND;ND;ND;ND
France;Données temps réel;2022-12-08;12:30;2022-12-08T12:30:00+01:00;72215;72400;72200;170;1818;8956;37401;1659;2645;6868;-1;806;11893;102;790;2372;1158;910;6530;0;22;150;187;2804;5965;0;4024;2163;681;106;446;259;ND;ND;ND;ND
France;Données temps réel;2022-12-08;16:30;2022-12-08T16:30:00+01:00;69141;68000;68800;171;1814;8841;37370;2363;381;7155;0;802;10244;104;-14;2300;1103;1105;5874;0;22;151;205;2703;5933;0;3761;2666;728;102;441;259;ND;ND;ND;ND
France;Données temps réel;2022-12-08;17:15;2022-12-08T17:15:00+01:00;71324;70100;70900;431;1779;8907;37410;2397;199;9491;-1;796;9915;103;;;;;;258;22;151;205;2732;5970;0;4482;3552;1457;97;440;259;ND;ND;ND;ND
France;Données temps réel;2022-12-08;17:30;2022-12-08T17:30:00+01:00;72019;71100;71900;428;1790;8925;37386;2420;192;10231;-1;805;9843;102;-1167;2300;1105;1195;6806;256;22;150;208;2735;5982;0;4552;3809;1870;100;446;259;ND;ND;ND;ND
France;Données temps réel;2022-12-08;18:00;2022-12-08T18:00:00+01:00;73348;72800;73500;750;1813;8909;37391;2445;0;11305;-1;811;9925;104;-1200;2000;945;1200;7811;578;22;150;208;2739;5962;0;4681;4105;2519;100;452;259;ND;ND;ND;ND
France;Données temps réel;2022-12-08;21:00;2022-12-08T21:00:00+01:00;68085;68200;68800;172;1639;8418;37495;2536;0;7645;-56;813;9423;98;-787;2300;1152;1200;6338;0;22;151;0;2663;5756;0;3914;2760;971;104;451;259;ND;ND;ND;ND
France;Données temps réel;2022-12-08;21:30;2022-12-08T21:30:00+01:00;66320;66500;67000;171;1683;8223;37440;2667;0;5032;-39;795;10348;102;-787;2300;1152;1200;6715;0;22;151;0;2571;5653;0;3454;1537;41;109;437;259;ND;ND;ND;ND
France;Données temps réel;2022-12-08;23:30;2022-12-08T23:30:00+01:00;;65900;66400;;;;;;;;;;;;2423;2300;967;-82;7970;;;;;;;;;;;;;;;;;
France;Données temps réel;2022-12-09;02:00;2022-12-09T02:00:00+01:00;;62700;;;;;;;;;;;;;;;;;;;;;;;;;;;;;;;;;;
France;Données temps réel;2022-12-09;03:30;2022-12-09T03:30:00+01:00;;59400;;;;;;;;;;;;;;;;;;;;;;;;;;;;;;;;;;
France;Données temps réel;2022-12-09;05:45;2022-12-09T05:45:00+01:00;;62150;;;;;;;;;;;;;;;;;;;;;;;;;;;;;;;;;;
France;Données temps réel;2022-12-09;08:00;2022-12-09T08:00:00+01:00;;73500;;;;;;;;;;;;;;;;;;;;;;;;;;;;;;;;;;
France;Données temps réel;2022-12-09;13:00;2022-12-09T13:00:00+01:00;;71300;;;;;;;;;;;;;;;;;;;;;;;;;;;;;;;;;;
France;Données temps réel;2022-12-09;14:15;2022-12-09T14:15:00+01:00;;70100;;;;;;;;;;;;;;;;;;;;;;;;;;;;;;;;;;
France;Données temps réel;2022-12-09;15:00;2022-12-09T15:00:00+01:00;;69600;;;;;;;;;;;;;;;;;;;;;;;;;;;;;;;;;;
France;Données temps réel;2022-12-09;16:00;2022-12-09T16:00:00+01:00;;67900;;;;;;;;;;;;;;;;;;;;;;;;;;;;;;;;;;
France;Données temps réel;2022-12-09;16:15;2022-12-09T16:15:00+01:00;;67700;;;;;;;;;;;;;;;;;;;;;;;;;;;;;;;;;;
France;Données temps réel;2022-12-09;16:30;2022-12-09T16:30:00+01:00;;67500;;;;;;;;;;;;;;;;;;;;;;;;;;;;;;;;;;
France;Données temps réel;2022-12-09;16:45;2022-12-09T16:45:00+01:00;;68100;;;;;;;;;;;;;;;;;;;;;;;;;;;;;;;;;;
France;Données temps réel;2022-12-09;18:15;2022-12-09T18:15:00+01:00;;72700;;;;;;;;;;;;;;;;;;;;;;;;;;;;;;;;;;
France;Données temps réel;2022-12-09;19:00;2022-12-09T19:00:00+01:00;;73800;;;;;;;;;;;;;;;;;;;;;;;;;;;;;;;;;;
France;Données temps réel;2022-12-09;21:00;2022-12-09T21:00:00+01:00;;67600;;;;;;;;;;;;;;;;;;;;;;;;;;;;;;;;;;
France;Données temps réel;2022-12-09;22:00;2022-12-09T22:00:00+01:00;;65400;;;;;;;;;;;;;;;;;;;;;;;;;;;;;;;;;;
